{"cameraMode":{"drawMode":0,"name":"Shaded","section":"Shading Mode"},"sceneLighting":true,"audioPlay":false,"sceneViewState":{"m_AlwaysRefresh":false,"showFog":true,"showSkybox":true,"showFlares":true,"showImageEffects":true,"showParticleSystems":true,"showVisualEffectGraphs":true,"m_FxEnabled":true},"in2DMode":false,"pivot":{"x":0.17005443572998048,"y":9.113336563110352,"z":-0.6567856669425964},"rotation":{"x":-0.0017176085384562612,"y":-0.7689498662948608,"z":-0.002070965711027384,"w":0.6393178701400757},"size":10.535710334777832,"orthographic":false}