{"cameraMode":{"drawMode":0,"name":"Shaded","section":"Shading Mode"},"sceneLighting":true,"audioPlay":false,"sceneViewState":{"m_AlwaysRefresh":false,"showFog":true,"showSkybox":true,"showFlares":true,"showImageEffects":true,"showParticleSystems":true,"showVisualEffectGraphs":true,"m_FxEnabled":true},"in2DMode":false,"pivot":{"x":38.13221740722656,"y":8.110759735107422,"z":25.164745330810548},"rotation":{"x":0.26118406653404238,"y":-0.6338555216789246,"z":0.24098481237888337,"w":0.6869949102401733},"size":14.865050315856934,"orthographic":false}