{"cameraMode":{"drawMode":0,"name":"Shaded","section":"Shading Mode"},"sceneLighting":true,"audioPlay":false,"sceneViewState":{"m_AlwaysRefresh":false,"showFog":true,"showSkybox":true,"showFlares":true,"showImageEffects":true,"showParticleSystems":true,"showVisualEffectGraphs":true,"m_FxEnabled":true},"in2DMode":false,"pivot":{"x":-0.7004203796386719,"y":-4.0776214599609379,"z":23.13513946533203},"rotation":{"x":0.10553725808858872,"y":-0.7014380693435669,"z":0.10623375326395035,"w":0.6968352794647217},"size":31.628963470458986,"orthographic":false}