{"cameraMode":{"drawMode":0,"name":"Shaded","section":"Shading Mode"},"sceneLighting":true,"audioPlay":false,"sceneViewState":{"m_AlwaysRefresh":false,"showFog":true,"showSkybox":true,"showFlares":true,"showImageEffects":true,"showParticleSystems":true,"showVisualEffectGraphs":true,"m_FxEnabled":true},"in2DMode":false,"pivot":{"x":-1.3656926155090333,"y":1.9051260948181153,"z":6.365996837615967},"rotation":{"x":0.08956220746040344,"y":-0.8563973307609558,"z":0.15876765549182893,"w":0.4830968677997589},"size":4.452548503875732,"orthographic":false}